#,"Country,Other",TotalCases,NewCases,TotalDeaths,NewDeaths,TotalRecovered,NewRecovered,ActiveCases,"Serious,Critical",Tot Cases/1M pop,Deaths/1M pop,TotalTests,Tests/ 1M pop,Population,1 Caseevery X ppl,1 Deathevery X ppl,1 Testevery X ppl,New Cases/1M pop,New Deaths/1M pop,Active Cases/1M pop
,World,528842985,632800.0,6303784.0,1638.0,499254124.0,832145.0,23285077.0,38001.0,67846.0,808.7,,,,,,,,,
1.0,USA,85241016,75633.0,1029524.0,324.0,81764911.0,63390.0,2446581.0,2327.0,254701.0,3076.0,1022984286.0,3056690.0,334670557.0,4.0,325.0,0.0,226.0,1.0,7310.0
2.0,India,43142192,2124.0,524507.0,17.0,42602714.0,1977.0,14971.0,698.0,30692.0,373.0,847092226.0,602637.0,1405643436.0,33.0,2680.0,2.0,2.0,0.01,11.0
3.0,Brazil,30836815,32820.0,665955.0,228.0,29885580.0,33663.0,285280.0,8318.0,143151.0,3092.0,63776166.0,296062.0,215414723.0,7.0,323.0,3.0,152.0,1.0,1324.0
4.0,France,29391365,32029.0,148005.0,88.0,28657773.0,47843.0,585587.0,1173.0,448405.0,2258.0,271490188.0,4141952.0,65546437.0,2.0,443.0,0.0,489.0,1.0,8934.0
5.0,Germany,26157826,54198.0,138879.0,141.0,24832300.0,123700.0,1186647.0,944.0,310331.0,1648.0,122332384.0,1451324.0,84290181.0,3.0,607.0,1.0,643.0,2.0,14078.0
6.0,UK,22271122,6442.0,178221.0,136.0,21863906.0,27590.0,228995.0,188.0,324842.0,2599.0,522526476.0,7621460.0,68559889.0,3.0,385.0,0.0,94.0,2.0,3340.0
7.0,Russia,18301393,3785.0,378516.0,90.0,17700372.0,6352.0,222505.0,2300.0,125307.0,2592.0,273400000.0,1871927.0,146052700.0,8.0,386.0,1.0,26.0,0.6,1523.0
8.0,S. Korea,17993985,26313.0,24006.0,19.0,17440795.0,26692.0,529184.0,232.0,350401.0,467.0,15804065.0,307756.0,51352557.0,3.0,2139.0,3.0,512.0,0.4,10305.0
9.0,Italy,17288287,29875.0,166127.0,95.0,16310440.0,51946.0,811720.0,290.0,286734.0,2755.0,219795876.0,3645411.0,60293846.0,3.0,363.0,0.0,495.0,2.0,13463.0
10.0,Turkey,15064507,1304.0,98935.0,6.0,14962195.0,1184.0,3377.0,975.0,175059.0,1150.0,161801143.0,1880227.0,86054032.0,6.0,870.0,1.0,15.0,0.07,39.0
11.0,Spain,12280345,10568.0,106105.0,38.0,11679931.0,16343.0,494309.0,339.0,262462.0,2268.0,471036328.0,10067246.0,46788996.0,4.0,441.0,0.0,226.0,0.8,10565.0
12.0,Vietnam,10711389,1323.0,43076.0,,9412403.0,6495.0,1255910.0,216.0,108203.0,435.0,85814684.0,866871.0,98993626.0,9.0,2298.0,1.0,13.0,,12687.0
13.0,Argentina,9178795,,128825.0,,8895999.0,,153971.0,300.0,199628.0,2802.0,35716069.0,776783.0,45979494.0,5.0,357.0,1.0,,,3349.0
14.0,Japan,8641599,22916.0,30337.0,30.0,8278412.0,35149.0,332850.0,100.0,68723.0,241.0,51636619.0,410646.0,125744956.0,15.0,4145.0,2.0,182.0,0.2,2647.0
15.0,Netherlands,8078976,1104.0,22310.0,3.0,8016910.0,1578.0,39756.0,38.0,469530.0,1297.0,21107399.0,1226710.0,17206513.0,2.0,771.0,1.0,64.0,0.2,2311.0
16.0,Iran,7230589,268.0,141288.0,7.0,7037536.0,1738.0,51765.0,641.0,84053.0,1642.0,52031785.0,604849.0,86024467.0,12.0,609.0,2.0,3.0,0.08,602.0
17.0,Australia,7025763,42759.0,8178.0,68.0,6666522.0,58132.0,351063.0,117.0,269610.0,314.0,71338966.0,2737596.0,26058980.0,4.0,3186.0,0.0,1641.0,3.0,13472.0
18.0,Colombia,6099111,,139833.0,,5930545.0,,28733.0,342.0,117499.0,2694.0,34792844.0,670282.0,51907759.0,9.0,371.0,1.0,,,554.0
19.0,Indonesia,6053109,345.0,156548.0,14.0,5893628.0,288.0,2933.0,2771.0,21697.0,561.0,98271696.0,352242.0,278989294.0,46.0,1782.0,3.0,1.0,0.05,11.0
20.0,Poland,6006014,419.0,116284.0,16.0,5335275.0,23.0,554455.0,981.0,159023.0,3079.0,36296706.0,961036.0,37768292.0,6.0,325.0,1.0,11.0,0.4,14680.0
21.0,Mexico,5759773,1176.0,324768.0,3.0,5054809.0,1315.0,380196.0,4798.0,43803.0,2470.0,15950212.0,121301.0,131492596.0,23.0,405.0,8.0,9.0,0.02,2891.0
22.0,Ukraine,5011433,,108538.0,,,,,177.0,115905.0,2510.0,19521252.0,451490.0,43237412.0,9.0,398.0,2.0,,,19540.0
23.0,Malaysia,4494782,1918.0,35647.0,2.0,4434195.0,2124.0,24940.0,32.0,135591.0,1075.0,59642375.0,1799188.0,33149614.0,7.0,930.0,1.0,58.0,0.06,752.0
24.0,Thailand,4419737,4144.0,29814.0,36.0,4342047.0,7235.0,47876.0,1496.0,63021.0,425.0,17270775.0,246265.0,70130938.0,16.0,2352.0,4.0,59.0,0.5,683.0
25.0,Austria,4237360,2177.0,18607.0,8.0,4177580.0,4269.0,41173.0,57.0,465465.0,2044.0,186711414.0,20509834.0,9103507.0,2.0,489.0,0.0,239.0,0.9,4523.0
26.0,Belgium,4143408,,31710.0,,4001793.0,10913.0,109905.0,92.0,354594.0,2714.0,34011375.0,2910703.0,11684936.0,3.0,368.0,0.0,,,9406.0
27.0,Israel,4127026,3220.0,10833.0,,4098862.0,,17331.0,150.0,442529.0,1162.0,41373364.0,4436346.0,9326000.0,2.0,861.0,0.0,345.0,,1858.0
28.0,Portugal,4066674,,22583.0,,,,,61.0,401031.0,2227.0,42365073.0,4177794.0,10140537.0,2.0,449.0,0.0,,,115173.0
29.0,South Africa,3935761,4227.0,101002.0,50.0,3780159.0,7048.0,54600.0,192.0,64816.0,1663.0,25108084.0,413494.0,60721721.0,15.0,601.0,2.0,70.0,0.8,899.0
30.0,Czechia,3918539,407.0,40275.0,4.0,3876679.0,466.0,1585.0,7.0,364633.0,3748.0,55373597.0,5152699.0,10746522.0,3.0,267.0,0.0,38.0,0.4,147.0
31.0,Canada,3851329,3466.0,40706.0,11.0,3521441.0,4538.0,289182.0,354.0,100380.0,1061.0,61740072.0,1609176.0,38367496.0,10.0,943.0,1.0,90.0,0.3,7537.0
32.0,Philippines,3689281,149.0,60455.0,,3626591.0,185.0,2235.0,480.0,32841.0,538.0,30049904.0,267498.0,112337122.0,30.0,1858.0,4.0,1.0,,20.0
33.0,Chile,3651076,3715.0,57813.0,3.0,3488683.0,2022.0,104580.0,136.0,187945.0,2976.0,38123516.0,1962470.0,19426290.0,5.0,336.0,1.0,191.0,0.2,5383.0
34.0,Switzerland,3650661,924.0,13948.0,,3584757.0,5139.0,51956.0,45.0,416066.0,1590.0,21054092.0,2399538.0,8774226.0,2.0,629.0,0.0,105.0,,5921.0
35.0,Peru,3576640,331.0,213122.0,6.0,,,,184.0,105693.0,6298.0,30481934.0,900773.0,33839763.0,9.0,159.0,1.0,10.0,0.2,48548.0
36.0,Greece,3427857,5624.0,29725.0,14.0,3350883.0,4761.0,47249.0,149.0,331936.0,2878.0,82031870.0,7943536.0,10326871.0,3.0,347.0,0.0,545.0,1.0,4575.0
37.0,Denmark,2981571,728.0,6335.0,5.0,2967321.0,1447.0,7915.0,10.0,511353.0,1086.0,127413056.0,21851930.0,5830746.0,2.0,920.0,0.0,125.0,0.9,1357.0
38.0,DPRK,2948900,134520.0,68.0,,2548590.0,213680.0,400242.0,,113453.0,3.0,,,25992302.0,9.0,382240.0,,5175.0,,15398.0
39.0,Romania,2906776,491.0,65663.0,9.0,,,,101.0,153026.0,3457.0,23065296.0,1214266.0,18995264.0,7.0,289.0,1.0,26.0,0.5,12343.0
40.0,Sweden,2507948,310.0,18944.0,,2480696.0,213.0,8308.0,7.0,245438.0,1854.0,18573144.0,1817641.0,10218267.0,4.0,539.0,1.0,30.0,,813.0
41.0,Iraq,2327486,99.0,25218.0,,2301182.0,121.0,1086.0,9.0,55512.0,601.0,18564995.0,442786.0,41927700.0,18.0,1663.0,2.0,2.0,,26.0
42.0,Serbia,2015711,329.0,16070.0,2.0,1992675.0,,6966.0,9.0,232469.0,1853.0,9665977.0,1114763.0,8670881.0,4.0,540.0,1.0,38.0,0.2,803.0
43.0,Bangladesh,1953298,34.0,29130.0,,1901385.0,228.0,22783.0,1259.0,11641.0,174.0,14094360.0,84000.0,167789957.0,86.0,5760.0,12.0,0.2,,136.0
44.0,Hungary,1914697,,46446.0,,1830803.0,,37448.0,21.0,199157.0,4831.0,11394556.0,1185204.0,9614006.0,5.0,207.0,1.0,,,3895.0
45.0,Slovakia,1788686,196.0,20083.0,2.0,1765454.0,348.0,3149.0,23.0,327320.0,3675.0,7139957.0,1306574.0,5464639.0,3.0,272.0,1.0,36.0,0.4,576.0
46.0,Jordan,1694216,,14048.0,,1678941.0,,1227.0,124.0,162991.0,1351.0,16670254.0,1603750.0,10394545.0,6.0,740.0,1.0,,,118.0
47.0,Georgia,1655221,,16811.0,,1637293.0,,1117.0,,416439.0,4230.0,16920079.0,4256946.0,3974699.0,2.0,236.0,0.0,,,281.0
48.0,Ireland,1551835,,7244.0,,1526175.0,705.0,18416.0,29.0,307781.0,1437.0,12199863.0,2419640.0,5042016.0,3.0,696.0,0.0,,,3653.0
49.0,Pakistan,1529896,62.0,30379.0,,1496123.0,,3394.0,78.0,6681.0,133.0,28475032.0,124347.0,228996173.0,150.0,7538.0,8.0,0.3,,15.0
50.0,Taiwan,1468991,82407.0,1478.0,42.0,200860.0,28325.0,1266653.0,,61469.0,62.0,17371638.0,726901.0,23898230.0,16.0,16169.0,1.0,3448.0,2.0,53002.0
51.0,Norway,1431991,294.0,3094.0,,,,,20.0,260298.0,562.0,11002430.0,1999952.0,5501348.0,4.0,1778.0,1.0,53.0,,243567.0
52.0,Kazakhstan,1305701,4.0,13661.0,,1291885.0,,155.0,24.0,68001.0,711.0,11575012.0,602830.0,19201122.0,15.0,1406.0,2.0,0.2,,8.0
53.0,Singapore,1278113,5727.0,1378.0,1.0,1197084.0,3968.0,79651.0,4.0,215269.0,232.0,23877882.0,4021680.0,5937290.0,5.0,4309.0,0.0,965.0,0.2,13415.0
54.0,Hong Kong,1210836,250.0,9370.0,,,,,5.0,159071.0,1231.0,44972952.0,5908227.0,7611920.0,6.0,812.0,0.0,33.0,,156102.0
55.0,Morocco,1166916,200.0,16075.0,,1149788.0,132.0,1053.0,293.0,30922.0,426.0,11237010.0,297769.0,37737287.0,32.0,2348.0,3.0,5.0,,28.0
56.0,Bulgaria,1163806,100.0,37109.0,3.0,1044586.0,231.0,82111.0,40.0,169908.0,5418.0,9973767.0,1456101.0,6849639.0,6.0,185.0,1.0,15.0,0.4,11988.0
57.0,Croatia,1134541,272.0,15970.0,2.0,1116092.0,410.0,2479.0,5.0,279620.0,3936.0,4863903.0,1198761.0,4057442.0,4.0,254.0,1.0,67.0,0.5,611.0
58.0,New Zealand,1113828,8511.0,1031.0,14.0,1059714.0,9931.0,53083.0,,222672.0,206.0,7161742.0,1431747.0,5002100.0,4.0,4852.0,1.0,1701.0,3.0,10612.0
59.0,Cuba,1105047,31.0,8529.0,,1096218.0,55.0,300.0,23.0,97675.0,754.0,12920253.0,1142016.0,11313553.0,10.0,1326.0,1.0,3.0,,27.0
60.0,Lebanon,1098710,70.0,10420.0,2.0,1085985.0,84.0,2305.0,186.0,162346.0,1540.0,4795578.0,708598.0,6767700.0,6.0,649.0,1.0,10.0,0.3,341.0
61.0,Finland,1081225,,4406.0,,,,,21.0,194570.0,793.0,10873312.0,1956693.0,5556984.0,5.0,1261.0,1.0,,,185500.0
62.0,Lithuania,1061790,231.0,9136.0,1.0,1035405.0,298.0,17249.0,9.0,400591.0,3447.0,9969774.0,3761387.0,2650558.0,2.0,290.0,0.0,87.0,0.4,6508.0
63.0,Tunisia,1042362,573.0,28632.0,4.0,,,,29.0,86486.0,2376.0,4618974.0,383244.0,12052313.0,12.0,421.0,3.0,48.0,0.3,-1080.79
64.0,Slovenia,1023195,579.0,6631.0,1.0,1010440.0,995.0,6124.0,6.0,492044.0,3189.0,2663131.0,1280673.0,2079478.0,2.0,314.0,1.0,278.0,0.5,2945.0
65.0,Belarus,982867,,6978.0,,,,,,104079.0,739.0,13220483.0,1399963.0,9443450.0,10.0,1353.0,1.0,,,5014.0
66.0,Nepal,979087,11.0,11952.0,,967002.0,11.0,133.0,,32499.0,397.0,5689733.0,188858.0,30126986.0,31.0,2521.0,5.0,0.4,,4.0
67.0,Uruguay,916388,1237.0,7227.0,3.0,901555.0,720.0,7606.0,18.0,262089.0,2067.0,6114822.0,1748851.0,3496479.0,4.0,484.0,1.0,354.0,0.9,2175.0
68.0,Bolivia,907465,158.0,21945.0,,866563.0,552.0,18957.0,220.0,75787.0,1833.0,2705422.0,225943.0,11973906.0,13.0,546.0,4.0,13.0,,1583.0
69.0,UAE,905468,317.0,2302.0,,889262.0,323.0,13904.0,,89507.0,228.0,160949601.0,15910063.0,10116214.0,11.0,4395.0,0.0,31.0,,1374.0
70.0,Costa Rica,891038,2238.0,8495.0,5.0,854426.0,973.0,28117.0,45.0,171948.0,1639.0,4575910.0,883035.0,5182023.0,6.0,610.0,1.0,432.0,1.0,5426.0
71.0,Ecuador,874750,31.0,35617.0,,,,,759.0,48197.0,1962.0,2470170.0,136103.0,18149286.0,21.0,510.0,7.0,2.0,,21778.0
72.0,Guatemala,857197,621.0,17991.0,22.0,836451.0,417.0,2755.0,5.0,46231.0,970.0,4617656.0,249041.0,18541738.0,22.0,1031.0,4.0,33.0,1.0,149.0
73.0,Panama,835921,3876.0,8232.0,3.0,800234.0,3032.0,27455.0,16.0,188139.0,1853.0,6156952.0,1385730.0,4443110.0,5.0,540.0,1.0,872.0,0.7,6179.0
74.0,Latvia,827437,236.0,5817.0,2.0,819134.0,289.0,2486.0,7.0,448035.0,3150.0,7244739.0,3922835.0,1846812.0,2.0,317.0,0.0,128.0,1.0,1346.0
75.0,Azerbaijan,792714,,9710.0,,782957.0,,47.0,,76874.0,942.0,6874348.0,666644.0,10311877.0,13.0,1062.0,2.0,,,5.0
76.0,Saudi Arabia,764249,557.0,9134.0,3.0,748571.0,541.0,6544.0,81.0,21325.0,255.0,42384395.0,1182655.0,35838346.0,47.0,3924.0,1.0,16.0,0.08,183.0
77.0,Sri Lanka,663779,14.0,16513.0,1.0,646941.0,2.0,325.0,,30755.0,765.0,6486117.0,300521.0,21582910.0,33.0,1307.0,3.0,0.6,0.05,15.0
78.0,Paraguay,650283,,18885.0,,624673.0,,6725.0,4.0,89103.0,2588.0,2633737.0,360880.0,7298098.0,11.0,386.0,3.0,,,921.0
79.0,Kuwait,632781,,2555.0,,629695.0,,531.0,4.0,144144.0,582.0,8098920.0,1844893.0,4389913.0,7.0,1718.0,1.0,,,121.0
80.0,Myanmar,613238,11.0,19434.0,,592221.0,32.0,1583.0,,11130.0,353.0,8154072.0,147989.0,55099083.0,90.0,2835.0,7.0,0.2,,29.0
81.0,Palestine,582363,,5356.0,,576879.0,,128.0,17.0,109355.0,1006.0,3078533.0,578079.0,5325451.0,9.0,994.0,2.0,,,24.0
82.0,Bahrain,582287,421.0,1484.0,1.0,576645.0,569.0,4158.0,3.0,321123.0,818.0,9823137.0,5417319.0,1813284.0,3.0,1222.0,0.0,232.0,0.6,2293.0
83.0,Dominican Republic,581647,183.0,4377.0,,576469.0,61.0,801.0,6.0,52621.0,396.0,3327063.0,300997.0,11053480.0,19.0,2525.0,3.0,17.0,,72.0
84.0,Estonia,576047,953.0,2561.0,,518188.0,1600.0,55298.0,6.0,433698.0,1928.0,3368271.0,2535927.0,1328221.0,2.0,519.0,0.0,718.0,,41633.0
85.0,Venezuela,523411,34.0,5717.0,1.0,516588.0,32.0,1106.0,230.0,18506.0,202.0,3359014.0,118761.0,28283717.0,54.0,4947.0,8.0,1.0,0.04,39.0
86.0,Moldova,518793,1040.0,11521.0,18.0,504142.0,,3130.0,49.0,129174.0,2869.0,3216305.0,800823.0,4016249.0,8.0,349.0,1.0,259.0,4.0,779.0
87.0,Egypt,515645,,24613.0,,442182.0,,48850.0,122.0,4865.0,232.0,3693367.0,34849.0,105981201.0,206.0,4306.0,29.0,,,461.0
88.0,Libya,501904,,6430.0,,490973.0,,4501.0,101.0,71214.0,912.0,2477219.0,351486.0,7047854.0,14.0,1096.0,3.0,,,639.0
89.0,Cyprus,477711,,1032.0,,124370.0,,352309.0,60.0,390297.0,843.0,9477138.0,7742962.0,1223968.0,3.0,1186.0,0.0,,,287842.0
90.0,Ethiopia,471527,104.0,7512.0,,455819.0,4.0,8196.0,10.0,3918.0,62.0,4876904.0,40525.0,120343151.0,255.0,16020.0,25.0,0.9,,68.0
91.0,Mongolia,469885,,2179.0,,313256.0,,154450.0,192.0,139100.0,645.0,4030048.0,1193012.0,3378044.0,7.0,1550.0,1.0,,,45722.0
92.0,Honduras,424859,,10896.0,,132401.0,,281562.0,105.0,41644.0,1068.0,1372779.0,134556.0,10202266.0,24.0,936.0,7.0,,,27598.0
93.0,Armenia,422939,,8624.0,,412240.0,,2075.0,,142226.0,2900.0,3089295.0,1038869.0,2973709.0,7.0,345.0,1.0,,,698.0
94.0,Réunion,414615,3252.0,777.0,7.0,406484.0,2689.0,7354.0,10.0,456933.0,856.0,1603660.0,1767340.0,907386.0,2.0,1168.0,1.0,3584.0,8.0,8105.0
95.0,Oman,389473,,4260.0,,384669.0,,544.0,2.0,72772.0,796.0,25000000.0,4671177.0,5351970.0,14.0,1256.0,0.0,,,102.0
96.0,Bosnia and Herzegovina,377769,24.0,15786.0,1.0,,,,,116514.0,4869.0,1773676.0,547048.0,3242268.0,9.0,205.0,2.0,7.0,0.3,52360.0
97.0,Qatar,367436,164.0,677.0,,365659.0,121.0,1100.0,,130862.0,241.0,3518232.0,1253019.0,2807805.0,8.0,4147.0,1.0,58.0,,392.0
98.0,Kenya,324349,75.0,5651.0,,318360.0,36.0,338.0,,5791.0,101.0,3653013.0,65222.0,56008989.0,173.0,9911.0,15.0,1.0,,6.0
99.0,Zambia,321268,73.0,3985.0,,316658.0,30.0,625.0,,16597.0,206.0,3469975.0,179267.0,19356502.0,60.0,4857.0,6.0,4.0,,32.0
100.0,North Macedonia,311452,102.0,9300.0,3.0,301639.0,94.0,513.0,,149506.0,4464.0,2042804.0,980603.0,2083212.0,7.0,224.0,1.0,49.0,1.0,246.0
101.0,Botswana,307126,512.0,2695.0,3.0,303845.0,226.0,586.0,1.0,125802.0,1104.0,2026898.0,830241.0,2441337.0,8.0,906.0,1.0,210.0,1.0,240.0
102.0,Albania,275939,58.0,3497.0,,272182.0,20.0,260.0,2.0,96084.0,1218.0,1824414.0,635273.0,2871860.0,10.0,821.0,2.0,20.0,,91.0
103.0,Algeria,265860,5.0,6875.0,,178397.0,11.0,80588.0,6.0,5863.0,152.0,230861.0,5091.0,45347181.0,171.0,6596.0,196.0,0.1,,1777.0
104.0,Nigeria,255972,35.0,3143.0,,250024.0,28.0,2805.0,11.0,1186.0,15.0,5160280.0,23913.0,215791441.0,843.0,68658.0,42.0,0.2,,13.0
105.0,Zimbabwe,250929,227.0,5496.0,1.0,243195.0,102.0,2238.0,12.0,16431.0,360.0,2311968.0,151388.0,15271763.0,61.0,2779.0,7.0,15.0,0.07,147.0
106.0,Luxembourg,244182,,1073.0,,235939.0,,7170.0,,378447.0,1663.0,4248188.0,6584082.0,645221.0,3.0,601.0,0.0,,,11112.0
107.0,Uzbekistan,238945,5.0,1637.0,,237168.0,7.0,140.0,23.0,6949.0,48.0,1377915.0,40072.0,34385774.0,144.0,21005.0,25.0,0.1,,4.0
108.0,Montenegro,236803,41.0,2719.0,,233633.0,229.0,451.0,6.0,376945.0,4328.0,2470598.0,3932721.0,628216.0,3.0,231.0,0.0,65.0,,718.0
109.0,Mozambique,225600,14.0,2203.0,,223319.0,16.0,78.0,13.0,6855.0,67.0,1323952.0,40230.0,32909544.0,146.0,14939.0,25.0,0.4,,2.0
110.0,China,223488,156.0,5224.0,1.0,214308.0,474.0,3956.0,192.0,155.0,4.0,160000000.0,111163.0,1439323776.0,6440.0,275521.0,9.0,0.1,,3.0
111.0,Laos,209823,39.0,754.0,,,,,,28070.0,101.0,1232128.0,164832.0,7475055.0,36.0,9914.0,6.0,5.0,,26944.0
112.0,Kyrgyzstan,200993,,2991.0,,196406.0,,1596.0,131.0,29876.0,445.0,1907195.0,283489.0,6727581.0,33.0,2249.0,4.0,,,237.0
113.0,Iceland,187664,169.0,153.0,,,,,,543280.0,443.0,1925385.0,5573911.0,345428.0,2.0,2258.0,0.0,489.0,,323732.0
114.0,Afghanistan,179716,,7698.0,,162741.0,,9277.0,1124.0,4428.0,190.0,958454.0,23616.0,40584648.0,226.0,5272.0,42.0,,,229.0
115.0,Maldives,179662,,298.0,,163687.0,,15677.0,25.0,321668.0,534.0,2213831.0,3963660.0,558532.0,3.0,1874.0,0.0,,,28068.0
116.0,Namibia,165117,164.0,4034.0,1.0,158078.0,125.0,3005.0,,62834.0,1535.0,1031379.0,392480.0,2627849.0,16.0,651.0,3.0,62.0,0.4,1144.0
117.0,Martinique,164411,,931.0,,104.0,,163376.0,8.0,438763.0,2485.0,828928.0,2212156.0,374715.0,2.0,402.0,0.0,,,436001.0
118.0,Uganda,164069,,3596.0,,100205.0,,60268.0,2.0,3385.0,74.0,2612795.0,53906.0,48469482.0,295.0,13479.0,19.0,,,1243.0
119.0,El Salvador,162089,,4131.0,,150662.0,,7296.0,8.0,24754.0,631.0,1950448.0,297867.0,6548050.0,40.0,1585.0,3.0,,,1114.0
120.0,Ghana,161370,19.0,1445.0,,159881.0,16.0,44.0,1.0,4996.0,45.0,2447976.0,75793.0,32298375.0,200.0,22352.0,13.0,0.6,,1.0
121.0,Trinidad and Tobago,159344,676.0,3896.0,1.0,145925.0,463.0,9523.0,18.0,113166.0,2767.0,739498.0,525192.0,1408052.0,9.0,361.0,2.0,480.0,0.7,6763.0
122.0,Brunei,147021,246.0,222.0,,145166.0,223.0,1633.0,,330091.0,498.0,717784.0,1611567.0,445395.0,3.0,2006.0,1.0,552.0,,3666.0
123.0,Guadeloupe,140130,,854.0,,2250.0,,137026.0,19.0,350104.0,2134.0,938039.0,2343615.0,400253.0,3.0,469.0,0.0,,,342348.0
124.0,Cambodia,136262,,3056.0,,133201.0,,5.0,,7942.0,178.0,2964585.0,172800.0,17156191.0,126.0,5614.0,6.0,,,0.3
125.0,Jamaica,135331,238.0,3039.0,2.0,86288.0,125.0,46004.0,,45328.0,1018.0,1055693.0,353596.0,2985591.0,22.0,982.0,3.0,80.0,0.7,15409.0
126.0,Rwanda,129999,11.0,1459.0,,45522.0,,83018.0,,9588.0,108.0,5395660.0,397947.0,13558755.0,104.0,9293.0,3.0,0.8,,6123.0
127.0,Cameroon,119780,,1927.0,,117791.0,,62.0,13.0,4310.0,69.0,1751774.0,63027.0,27794163.0,232.0,14424.0,16.0,,,2.0
128.0,Angola,99194,,1900.0,,97149.0,,145.0,,2851.0,55.0,1499795.0,43101.0,34797342.0,351.0,18314.0,23.0,,,4.0
129.0,Malta,94205,92.0,719.0,1.0,91398.0,158.0,2088.0,4.0,212286.0,1620.0,1916252.0,4318168.0,443765.0,5.0,617.0,0.0,207.0,2.0,4705.0
130.0,DRC,87633,,1338.0,,50930.0,,35365.0,,925.0,14.0,846704.0,8940.0,94704467.0,1081.0,70781.0,112.0,,,373.0
131.0,Senegal,86087,12.0,1966.0,,84097.0,5.0,24.0,,4898.0,112.0,1089459.0,61981.0,17577446.0,204.0,8941.0,16.0,0.7,,1.0
132.0,Malawi,85943,8.0,2639.0,1.0,82849.0,1.0,455.0,67.0,4283.0,132.0,582048.0,29010.0,20063762.0,233.0,7603.0,34.0,0.4,0.05,23.0
133.0,French Guiana,82313,,397.0,,11254.0,,70662.0,1.0,262723.0,1267.0,635980.0,2029894.0,313307.0,4.0,789.0,0.0,,,225536.0
134.0,Ivory Coast,82088,18.0,799.0,,81247.0,12.0,42.0,,2973.0,29.0,1516836.0,54933.0,27612248.0,336.0,34559.0,18.0,0.7,,2.0
135.0,Suriname,80416,176.0,1341.0,2.0,49485.0,19.0,29590.0,,134798.0,2248.0,237010.0,397291.0,596565.0,7.0,445.0,3.0,295.0,3.0,49601.0
136.0,Barbados,79383,334.0,443.0,3.0,75510.0,738.0,3430.0,,275597.0,1538.0,681391.0,2365612.0,288040.0,4.0,650.0,0.0,1160.0,10.0,11908.0
137.0,Channel Islands,76018,251.0,176.0,,75199.0,220.0,643.0,,429745.0,995.0,1252808.0,7082373.0,176891.0,2.0,1005.0,0.0,1419.0,,3635.0
138.0,French Polynesia,72898,22.0,649.0,,,,,7.0,256704.0,2285.0,,,283977.0,4.0,438.0,,77.0,,136451.0
139.0,Eswatini,72257,55.0,1406.0,2.0,70414.0,31.0,437.0,11.0,61086.0,1189.0,1025335.0,866824.0,1182864.0,16.0,841.0,1.0,46.0,2.0,369.0
140.0,Fiji,64898,,862.0,,63010.0,,1026.0,,71417.0,949.0,526353.0,579224.0,908721.0,14.0,1054.0,2.0,,,1129.0
141.0,Guyana,64342,45.0,1232.0,1.0,62569.0,54.0,541.0,,81063.0,1552.0,621985.0,783629.0,793724.0,12.0,644.0,1.0,57.0,1.0,682.0
142.0,Madagascar,64314,,1393.0,,59370.0,,3551.0,6.0,2215.0,48.0,435827.0,15010.0,29035805.0,451.0,20844.0,67.0,,,122.0
143.0,Sudan,62240,11.0,4941.0,2.0,,,,,1359.0,108.0,562941.0,12296.0,45783425.0,736.0,9266.0,81.0,0.2,0.04,371.0
144.0,New Caledonia,61880,366.0,313.0,1.0,60999.0,379.0,568.0,9.0,212876.0,1077.0,98964.0,340451.0,290685.0,5.0,929.0,3.0,1259.0,3.0,1954.0
145.0,Bhutan,59614,,21.0,,59564.0,,29.0,,75685.0,27.0,2303734.0,2924767.0,787664.0,13.0,37508.0,0.0,,,37.0
146.0,Mauritania,59068,21.0,982.0,,57806.0,9.0,280.0,,12103.0,201.0,826625.0,169372.0,4880531.0,83.0,4970.0,6.0,4.0,,57.0
147.0,Belize,58749,132.0,677.0,,57029.0,57.0,1043.0,6.0,142849.0,1646.0,558329.0,1357583.0,411267.0,7.0,607.0,1.0,321.0,,2536.0
148.0,Cabo Verde,56172,,401.0,,55669.0,,102.0,23.0,98999.0,707.0,400982.0,706703.0,567398.0,10.0,1415.0,1.0,,,180.0
149.0,Syria,55880,,3150.0,,52610.0,,120.0,,3053.0,172.0,146269.0,7991.0,18303792.0,328.0,5811.0,125.0,,,7.0
150.0,Gabon,47622,,304.0,,47303.0,,15.0,,20483.0,131.0,1595381.0,686200.0,2324950.0,49.0,7648.0,1.0,,,6.0
151.0,Papua New Guinea,44403,,651.0,,43733.0,,19.0,7.0,4791.0,70.0,249149.0,26885.0,9267243.0,209.0,14235.0,37.0,,,2.0
152.0,Seychelles,43729,,167.0,,43040.0,,522.0,,439496.0,1678.0,,,99498.0,2.0,596.0,,,,5246.0
153.0,Curaçao,43522,,276.0,,42622.0,,624.0,3.0,263194.0,1669.0,496693.0,3003689.0,165361.0,4.0,599.0,0.0,,,3774.0
154.0,Andorra,42572,,153.0,,41757.0,,662.0,14.0,549323.0,1974.0,249838.0,3223758.0,77499.0,2.0,507.0,0.0,,,8542.0
155.0,Burundi,41897,47.0,38.0,,,,,,3336.0,3.0,345742.0,27528.0,12559717.0,300.0,330519.0,36.0,4.0,,3271.0
156.0,Mauritius,37998,13.0,996.0,,36332.0,5.0,670.0,,29785.0,781.0,358675.0,281147.0,1275756.0,34.0,1281.0,4.0,10.0,,525.0
157.0,Mayotte,37523,,187.0,,2964.0,,34372.0,,131544.0,656.0,176919.0,620224.0,285250.0,8.0,1525.0,2.0,,,120498.0
158.0,Togo,37062,13.0,273.0,,36752.0,2.0,37.0,,4287.0,32.0,738716.0,85447.0,8645281.0,233.0,31668.0,12.0,2.0,,4.0
159.0,Guinea,36597,,442.0,,36113.0,,42.0,8.0,2651.0,32.0,660107.0,47814.0,13805699.0,377.0,31235.0,21.0,,,3.0
160.0,Aruba,36316,,213.0,,35808.0,,295.0,,337437.0,1979.0,177885.0,1652853.0,107623.0,3.0,505.0,1.0,,,2741.0
161.0,Tanzania,35354,,840.0,,,,,7.0,562.0,13.0,,,62948129.0,1781.0,74938.0,,,,545.0
162.0,Faeroe Islands,34658,,28.0,,,,,5.0,704231.0,569.0,778000.0,15808510.0,49214.0,1.0,1758.0,0.0,,,547344.0
163.0,Bahamas,34355,52.0,810.0,,32646.0,19.0,899.0,,85813.0,2023.0,235192.0,587473.0,400345.0,12.0,494.0,2.0,130.0,,2246.0
164.0,Lesotho,32910,,697.0,,24155.0,,8058.0,,15136.0,321.0,431221.0,198323.0,2174341.0,66.0,3120.0,5.0,,,3706.0
165.0,Mali,31058,1.0,734.0,,30163.0,,161.0,,1455.0,34.0,680744.0,31881.0,21352615.0,688.0,29091.0,31.0,0.05,,8.0
166.0,Haiti,30781,35.0,835.0,,29669.0,18.0,277.0,,2639.0,72.0,132422.0,11352.0,11665198.0,379.0,13970.0,88.0,3.0,,24.0
167.0,Isle of Man,28416,,105.0,,26794.0,,1517.0,,330869.0,1223.0,150753.0,1755330.0,85883.0,3.0,818.0,1.0,,,17664.0
168.0,Benin,26952,,163.0,,25506.0,,1283.0,5.0,2118.0,13.0,604310.0,47497.0,12723046.0,472.0,78055.0,21.0,,,101.0
169.0,Somalia,26535,14.0,1350.0,,13182.0,,12003.0,,1586.0,81.0,400466.0,23936.0,16730805.0,631.0,12393.0,42.0,0.8,,717.0
170.0,Saint Lucia,25132,78.0,370.0,,24046.0,102.0,716.0,1.0,135692.0,1998.0,143281.0,773601.0,185213.0,7.0,501.0,1.0,421.0,,3866.0
171.0,Cayman Islands,24477,,28.0,,8553.0,,15896.0,1.0,364350.0,417.0,222773.0,3316061.0,67180.0,3.0,2399.0,0.0,,,236618.0
172.0,Congo,24079,,385.0,,20178.0,,3516.0,,4170.0,67.0,347815.0,60231.0,5774671.0,240.0,14999.0,17.0,,,609.0
173.0,Timor-Leste,22890,,131.0,,22748.0,,11.0,,16758.0,96.0,265125.0,194104.0,1365891.0,60.0,10427.0,5.0,,,8.0
174.0,Burkina Faso,20853,,382.0,,20439.0,,32.0,,948.0,17.0,248995.0,11325.0,21986015.0,1054.0,57555.0,88.0,,,1.0
175.0,Nicaragua,18491,,225.0,,4225.0,,14041.0,,2730.0,33.0,,,6773491.0,366.0,30104.0,,,,2073.0
176.0,Gibraltar,18273,,102.0,,16579.0,,1592.0,,542676.0,3029.0,534283.0,15867278.0,33672.0,2.0,330.0,0.0,,,47280.0
177.0,Solomon Islands,18174,,146.0,,16357.0,,1671.0,2.0,25287.0,203.0,5117.0,7120.0,718705.0,40.0,4923.0,140.0,,,2325.0
178.0,South Sudan,17575,2.0,138.0,,13514.0,,3923.0,1.0,1536.0,12.0,395064.0,34528.0,11441721.0,651.0,82911.0,29.0,0.2,,343.0
179.0,Liechtenstein,17417,10.0,84.0,,17296.0,14.0,37.0,,454337.0,2191.0,102174.0,2665293.0,38335.0,2.0,456.0,0.0,261.0,,965.0
180.0,Grenada,17390,156.0,224.0,1.0,16332.0,363.0,834.0,4.0,153205.0,1973.0,163005.0,1436066.0,113508.0,7.0,507.0,1.0,1374.0,9.0,7347.0
181.0,Tajikistan,17388,,124.0,,17264.0,,0.0,,1749.0,12.0,,,9942360.0,572.0,80180.0,,,,
182.0,San Marino,17045,24.0,115.0,,16787.0,64.0,143.0,4.0,500352.0,3376.0,152231.0,4468708.0,34066.0,2.0,296.0,0.0,705.0,,4198.0
183.0,Equatorial Guinea,15910,,183.0,,15704.0,,23.0,5.0,10678.0,123.0,320949.0,215396.0,1490044.0,94.0,8142.0,5.0,,,15.0
184.0,Djibouti,15631,,189.0,,15427.0,,15.0,,15398.0,186.0,305941.0,301375.0,1015149.0,65.0,5371.0,3.0,,,15.0
185.0,CAR,14649,,113.0,,6859.0,,7677.0,2.0,2937.0,23.0,81294.0,16297.0,4988433.0,341.0,44145.0,61.0,,,1539.0
186.0,Bermuda,14442,,137.0,,13945.0,,360.0,,233527.0,2215.0,903163.0,14604127.0,61843.0,4.0,451.0,0.0,,,5821.0
187.0,Dominica,13752,,63.0,,13188.0,,501.0,,190144.0,871.0,199138.0,2753415.0,72324.0,5.0,1148.0,0.0,,,6927.0
188.0,Samoa,12843,461.0,25.0,,1605.0,,11213.0,4.0,63926.0,124.0,105492.0,525084.0,200905.0,16.0,8036.0,2.0,2295.0,,55812.0
189.0,Monaco,12124,,57.0,,12009.0,,58.0,4.0,304868.0,1433.0,54960.0,1382016.0,39768.0,3.0,698.0,1.0,,,1458.0
190.0,Gambia,12002,3.0,365.0,,11591.0,,46.0,,4716.0,143.0,155686.0,61175.0,2544916.0,212.0,6972.0,16.0,1.0,,18.0
191.0,Greenland,11971,,21.0,,2761.0,,9189.0,4.0,210180.0,369.0,164926.0,2895674.0,56956.0,5.0,2712.0,0.0,,,161335.0
192.0,Yemen,11819,,2149.0,,9042.0,,628.0,23.0,380.0,69.0,265253.0,8538.0,31067004.0,2629.0,14456.0,117.0,,,20.0
193.0,Tonga,11500,,11.0,,10875.0,,614.0,,106522.0,102.0,535009.0,4955668.0,107959.0,9.0,9814.0,0.0,,,5687.0
194.0,Saint Martin,10668,,63.0,,1399.0,,9206.0,7.0,267288.0,1578.0,112382.0,2815745.0,39912.0,4.0,634.0,0.0,,,230657.0
195.0,Sint Maarten,10279,90.0,86.0,,10127.0,59.0,66.0,10.0,234702.0,1964.0,62056.0,1416933.0,43796.0,4.0,509.0,1.0,2055.0,,1507.0
196.0,Caribbean Netherlands,10044,,35.0,,9959.0,,50.0,,376405.0,1312.0,30126.0,1128991.0,26684.0,3.0,762.0,1.0,,,1874.0
197.0,Eritrea,9755,,103.0,,9644.0,,8.0,,2681.0,28.0,23693.0,6511.0,3639170.0,373.0,35332.0,154.0,,,2.0
198.0,Niger,9031,,310.0,,8628.0,,93.0,1.0,349.0,12.0,254538.0,9842.0,25861559.0,2864.0,83424.0,102.0,,,4.0
199.0,Vanuatu,8735,42.0,14.0,,8519.0,204.0,202.0,,27237.0,44.0,24976.0,77879.0,320704.0,37.0,22907.0,13.0,131.0,,630.0
200.0,Guinea-Bissau,8259,13.0,171.0,,8033.0,4.0,55.0,6.0,4017.0,83.0,138217.0,67230.0,2055873.0,249.0,12023.0,15.0,6.0,,27.0
201.0,Comoros,8100,,160.0,,7933.0,,7.0,,8954.0,177.0,,,904598.0,112.0,5654.0,,,,8.0
202.0,Antigua and Barbuda,7982,,138.0,,7651.0,,193.0,1.0,80253.0,1387.0,18901.0,190034.0,99461.0,12.0,721.0,5.0,,,1940.0
203.0,Sierra Leone,7682,,125.0,,,,,,927.0,15.0,259958.0,31383.0,8283469.0,1078.0,66268.0,32.0,,,331.0
204.0,Liberia,7455,,294.0,,5747.0,,1414.0,2.0,1411.0,56.0,139824.0,26471.0,5282256.0,709.0,17967.0,38.0,,,268.0
205.0,Chad,7417,,193.0,,4874.0,,2350.0,,428.0,11.0,191341.0,11050.0,17316190.0,2335.0,89721.0,90.0,,,136.0
206.0,St. Vincent Grenadines,6857,9.0,106.0,,6641.0,,110.0,,61439.0,950.0,99496.0,891493.0,111606.0,16.0,1053.0,1.0,81.0,,986.0
207.0,British Virgin Islands,6690,,62.0,,,,,1.0,218549.0,2025.0,103895.0,3394041.0,30611.0,5.0,494.0,0.0,,,4312.0
208.0,Turks and Caicos,6097,,36.0,,6026.0,,35.0,4.0,153550.0,907.0,512050.0,12895711.0,39707.0,7.0,1103.0,0.0,,,881.0
209.0,Sao Tome and Principe,5982,,73.0,,5900.0,,9.0,,26370.0,322.0,29036.0,127998.0,226848.0,38.0,3108.0,8.0,,,40.0
210.0,Saint Kitts and Nevis,5688,17.0,43.0,,5577.0,7.0,68.0,,105509.0,798.0,70707.0,1311575.0,53910.0,9.0,1254.0,1.0,315.0,,1261.0
211.0,Cook Islands,5599,56.0,1.0,,5514.0,81.0,84.0,,318233.0,57.0,18354.0,1043197.0,17594.0,3.0,17594.0,1.0,3183.0,,4774.0
212.0,Palau,5020,53.0,6.0,,4298.0,58.0,716.0,1.0,274963.0,329.0,51089.0,2798324.0,18257.0,4.0,3043.0,0.0,2903.0,,39218.0
213.0,St. Barth,4630,,6.0,,,,,,466076.0,604.0,78646.0,7916851.0,9934.0,2.0,1656.0,0.0,,,418965.0
214.0,Anguilla,3203,,9.0,,3142.0,,52.0,4.0,209950.0,590.0,51382.0,3367986.0,15256.0,5.0,1695.0,0.0,,,3408.0
215.0,Kiribati,3098,,13.0,,2602.0,,483.0,3.0,25205.0,106.0,,,122912.0,40.0,9455.0,,,,3930.0
216.0,Saint Pierre Miquelon,2748,,1.0,,2449.0,,298.0,1.0,478662.0,174.0,23787.0,4143355.0,5741.0,2.0,5741.0,0.0,,,51907.0
217.0,Falkland Islands,1512,,,,,,,,411877.0,,8632.0,2351403.0,3671.0,2.0,,0.0,,,378099.0
218.0,Montserrat,915,,4.0,,749.0,,162.0,,183073.0,800.0,12010.0,2402961.0,4998.0,5.0,1250.0,0.0,,,32413.0
219.0,Diamond Princess,712,,13.0,,699.0,,0.0,,,,,,,,,,,,
220.0,Wallis and Futuna,454,,7.0,,438.0,,9.0,,41778.0,644.0,20508.0,1887181.0,10867.0,24.0,1552.0,1.0,,,828.0
221.0,Macao,82,,,,82.0,,0.0,,123.0,,5375.0,8070.0,666061.0,8123.0,,124.0,,,
222.0,Micronesia,30,,,,30.0,,0.0,,256.0,,21109.0,179956.0,117301.0,3910.0,,6.0,,,
223.0,Vatican City,29,,,,29.0,,0.0,,36025.0,,,,805.0,28.0,,,,,
224.0,Marshall Islands,17,,,,14.0,,3.0,,284.0,,,,59945.0,3526.0,,,,,50.0
225.0,Western Sahara,10,,1.0,,9.0,,0.0,,16.0,2.0,,,625083.0,62508.0,625083.0,,,,
226.0,MS Zaandam,9,,2.0,,7.0,,0.0,,,,,,,,,,,,
227.0,Niue,9,,,,9.0,,0.0,,5464.0,,,,1647.0,183.0,,,,,
228.0,Nauru,8,,,,8.0,,0.0,,730.0,,,,10953.0,1369.0,,,,,
229.0,Tuvalu,3,,,,,,3.0,,249.0,,,,12067.0,4022.0,,,,,249.0
230.0,Saint Helena,2,,,,2.0,,0.0,,327.0,,,,6111.0,3056.0,,,,,
,Total:,528842985,632800.0,6303784.0,1638.0,499254124.0,832145.0,23285077.0,38001.0,67845.6,808.7,,,,,,,,,
